1,1,0.0,0.0,0.121826171875,0.013916015625,0.9111328125,2021-02-04 17:28:43.751600,0:00:00.282212
2,2,0.0,0.0,0.1181640625,0.036865234375,0.912353515625,2021-02-04 17:28:43.785101,0:00:00.315714
3,3,0.0,0.0,0.13037109375,0.027587890625,0.848876953125,2021-02-04 17:28:43.868001,0:00:00.398614
4,4,0.0,0.0,0.124267578125,-0.01708984375,0.900146484375,2021-02-04 17:28:43.934250,0:00:00.464863
5,5,0.0,0.0,0.06884765625,-0.032470703125,0.972900390625,2021-02-04 17:28:44.001227,0:00:00.531840
6,6,0.0,0.0,0.122314453125,-0.138916015625,0.96337890625,2021-02-04 17:28:44.075899,0:00:00.606512
7,7,0.0,0.0,0.04541015625,-0.087890625,0.996337890625,2021-02-04 17:28:44.150579,0:00:00.681192
8,8,0.0,0.0,0.0537109375,-0.031982421875,0.9189453125,2021-02-04 17:28:44.201201,0:00:00.731813
9,9,0.0,0.0,0.078125,-0.03076171875,0.872314453125,2021-02-04 17:28:44.258238,0:00:00.788851
10,10,19.2851668333,-99.1405723333,0.067138671875,-0.1171875,0.9580078125,2021-02-04 17:28:44.763304,0:00:01.293917
11,11,19.2851668333,-99.1405723333,0.072021484375,-0.075439453125,0.959716796875,2021-02-04 17:28:44.802557,0:00:01.333170
12,12,19.2851668333,-99.1405723333,0.10791015625,-0.079345703125,0.908447265625,2021-02-04 17:28:44.877911,0:00:01.408524
13,13,19.2851668333,-99.1405723333,0.099853515625,0.01611328125,0.912841796875,2021-02-04 17:28:44.944173,0:00:01.474786
14,14,19.2851668333,-99.1405723333,0.135986328125,-0.02392578125,0.921630859375,2021-02-04 17:28:45.018663,0:00:01.549278
15,15,19.2851668333,-99.1405723333,0.11865234375,-0.023193359375,0.864990234375,2021-02-04 17:28:45.085823,0:00:01.616436
16,16,19.2851668333,-99.1405723333,0.14306640625,-0.087158203125,0.94482421875,2021-02-04 17:28:45.160502,0:00:01.691115
17,17,19.2851668333,-99.1405723333,0.09326171875,-0.031005859375,0.941650390625,2021-02-04 17:28:45.218645,0:00:01.749257
18,18,19.2851668333,-99.1405723333,0.0830078125,-0.050537109375,0.98095703125,2021-02-04 17:28:45.268944,0:00:01.799557
19,19,19.2851343333,-99.1405796667,0.13525390625,0.1064453125,0.8916015625,2021-02-04 17:28:45.758821,0:00:02.289434
20,20,19.2851343333,-99.1405796667,0.123779296875,0.04833984375,0.880126953125,2021-02-04 17:28:45.799864,0:00:02.330477
21,21,19.2851343333,-99.1405796667,0.123779296875,0.0751953125,0.9189453125,2021-02-04 17:28:45.875163,0:00:02.405777
22,22,19.2851343333,-99.1405796667,0.095458984375,0.10302734375,0.956787109375,2021-02-04 17:28:45.941514,0:00:02.472127
23,23,19.2851343333,-99.1405796667,0.091064453125,0.140625,0.940185546875,2021-02-04 17:28:46.016052,0:00:02.546665
24,24,19.2851343333,-99.1405796667,0.0615234375,0.063232421875,0.93701171875,2021-02-04 17:28:46.083205,0:00:02.613818
25,25,19.2851343333,-99.1405796667,0.05517578125,0.088623046875,0.894287109375,2021-02-04 17:28:46.157904,0:00:02.688518
26,26,19.2851343333,-99.1405796667,0.1376953125,-0.005615234375,0.898681640625,2021-02-04 17:28:47.373797,0:00:03.904454
27,27,19.2851343333,-99.1405796667,0.10693359375,0.04638671875,0.873291015625,2021-02-04 17:28:47.386064,0:00:03.916677
28,28,19.2851008333,-99.1405773333,0.128173828125,0.05859375,0.9453125,2021-02-04 17:28:47.400509,0:00:03.931123
29,29,19.2851008333,-99.1405773333,0.1318359375,0.01953125,0.957763671875,2021-02-04 17:28:47.411389,0:00:03.942004
30,30,19.2851008333,-99.1405773333,0.135986328125,0.02490234375,0.946044921875,2021-02-04 17:28:47.426175,0:00:03.956788
31,31,19.2851008333,-99.1405773333,0.150634765625,-0.02880859375,0.9326171875,2021-02-04 17:28:47.439574,0:00:03.970186
32,32,19.2851008333,-99.1405773333,0.076171875,-0.029541015625,0.86376953125,2021-02-04 17:28:47.455349,0:00:03.985962
33,33,19.2851008333,-99.1405773333,0.097900390625,0.005126953125,0.92724609375,2021-02-04 17:28:47.469994,0:00:04.000608
34,34,19.2851008333,-99.1405773333,0.072509765625,0.027099609375,0.945068359375,2021-02-04 17:28:47.487149,0:00:04.017763
35,35,19.2851008333,-99.1405773333,0.03662109375,0.046875,0.9677734375,2021-02-04 17:28:47.499487,0:00:04.030102
36,36,19.2851008333,-99.1405773333,0.049560546875,0.0087890625,1.00830078125,2021-02-04 17:28:47.511623,0:00:04.042243
37,37,19.2850593333,-99.1405793333,0.147216796875,0.00244140625,0.92333984375,2021-02-04 17:28:47.758598,0:00:04.289211
38,38,19.2850593333,-99.1405793333,0.140869140625,0.00244140625,0.942626953125,2021-02-04 17:28:47.799674,0:00:04.330287
39,39,19.2850593333,-99.1405793333,0.145263671875,0.064697265625,0.9326171875,2021-02-04 17:28:47.875222,0:00:04.405846
40,40,19.2850593333,-99.1405793333,0.158447265625,0.014892578125,0.868896484375,2021-02-04 17:28:47.941285,0:00:04.471900
41,41,19.2850593333,-99.1405793333,0.12646484375,0.03076171875,0.8896484375,2021-02-04 17:28:48.015776,0:00:04.546390
42,42,19.2850593333,-99.1405793333,0.099609375,0.0537109375,0.92236328125,2021-02-04 17:28:48.082927,0:00:04.613541
43,43,19.2850593333,-99.1405793333,0.087890625,-0.003662109375,0.995361328125,2021-02-04 17:28:48.157635,0:00:04.688250
44,44,19.2850593333,-99.1405793333,0.1474609375,-0.015625,0.86474609375,2021-02-04 17:28:48.215782,0:00:04.746395
45,45,19.2850593333,-99.1405793333,0.1279296875,0.024658203125,0.9189453125,2021-02-04 17:28:48.269623,0:00:04.800237
46,46,19.2850268333,-99.1405913333,0.196044921875,0.045654296875,0.87744140625,2021-02-04 17:28:48.758678,0:00:05.289291
47,47,19.2850268333,-99.1405913333,0.0791015625,0.186767578125,0.87109375,2021-02-04 17:28:48.799651,0:00:05.330266
48,48,19.2850268333,-99.1405913333,0.0146484375,0.05615234375,1.04077148438,2021-02-04 17:28:48.875033,0:00:05.405646
49,49,19.2850268333,-99.1405913333,0.234375,0.05078125,0.9375,2021-02-04 17:28:48.941323,0:00:05.471936
50,50,19.2850268333,-99.1405913333,0.02001953125,0.007568359375,0.90234375,2021-02-04 17:28:49.015769,0:00:05.546385
51,51,19.2850268333,-99.1405913333,0.104736328125,0.055419921875,0.9453125,2021-02-04 17:28:50.199489,0:00:06.730104
52,52,19.2850268333,-99.1405913333,0.05712890625,0.050048828125,0.930908203125,2021-02-04 17:28:50.229290,0:00:06.759903
53,53,19.2850268333,-99.1405913333,0.017333984375,0.076171875,0.865234375,2021-02-04 17:28:50.253611,0:00:06.784225
54,54,19.2850268333,-99.1405913333,-0.014404296875,0.173583984375,0.951416015625,2021-02-04 17:28:50.271107,0:00:06.801721
55,55,19.2849885,-99.1405938333,0.049072265625,0.155517578125,0.93408203125,2021-02-04 17:28:50.287627,0:00:06.818250
56,56,19.2849885,-99.1405938333,0.060302734375,0.152099609375,0.8603515625,2021-02-04 17:28:50.299839,0:00:06.830452
57,57,19.2849885,-99.1405938333,0.18798828125,0.07861328125,0.805908203125,2021-02-04 17:28:50.317590,0:00:06.848203
58,58,19.2849885,-99.1405938333,0.206787109375,0.044921875,0.843994140625,2021-02-04 17:28:50.335118,0:00:06.865733
59,59,19.2849885,-99.1405938333,0.160400390625,0.15087890625,0.865966796875,2021-02-04 17:28:50.352662,0:00:06.883276
60,60,19.2849885,-99.1405938333,0.206787109375,0.15478515625,0.843994140625,2021-02-04 17:28:50.365892,0:00:06.896507
61,61,19.2849885,-99.1405938333,0.19970703125,0.121826171875,0.82763671875,2021-02-04 17:28:50.386032,0:00:06.916644
62,62,19.2849885,-99.1405938333,0.065673828125,0.060546875,1.02758789062,2021-02-04 17:28:50.432593,0:00:06.963206
63,63,19.2849885,-99.1405938333,0.03759765625,0.060546875,0.940673828125,2021-02-04 17:28:50.451707,0:00:06.982320
64,64,19.2849428333,-99.140601,0.1787109375,0.127197265625,0.979736328125,2021-02-04 17:28:50.758785,0:00:07.289398
65,65,19.2849428333,-99.140601,0.10009765625,0.077392578125,0.895263671875,2021-02-04 17:28:50.799935,0:00:07.330547
66,66,19.2849428333,-99.140601,0.125732421875,0.082275390625,0.89306640625,2021-02-04 17:28:50.882763,0:00:07.413377
67,67,19.2849428333,-99.140601,0.123046875,0.078125,1.0087890625,2021-02-04 17:28:50.941570,0:00:07.472183
68,68,19.2849428333,-99.140601,0.069580078125,0.064697265625,0.8623046875,2021-02-04 17:28:51.016292,0:00:07.546905
69,69,19.2849428333,-99.140601,0.039306640625,0.0673828125,0.87060546875,2021-02-04 17:28:51.090959,0:00:07.621581
70,70,19.2849428333,-99.140601,0.0166015625,0.112060546875,0.96875,2021-02-04 17:28:51.165629,0:00:07.696242
71,71,19.2849428333,-99.140601,0.096435546875,0.101806640625,0.93115234375,2021-02-04 17:28:51.223784,0:00:07.754397
72,72,19.2849428333,-99.140601,0.146728515625,0.157470703125,0.8740234375,2021-02-04 17:28:51.274451,0:00:07.805069
73,73,19.2848951667,-99.1406005,0.1640625,0.063232421875,0.883544921875,2021-02-04 17:28:51.762003,0:00:08.292616
74,74,19.2848951667,-99.1406005,0.120361328125,0.021728515625,0.914794921875,2021-02-04 17:28:51.803050,0:00:08.333663
75,75,19.2848951667,-99.1406005,0.1337890625,0.11572265625,0.90576171875,2021-02-04 17:28:51.885883,0:00:08.416496
76,76,19.2848951667,-99.1406005,0.1533203125,0.07861328125,0.92578125,2021-02-04 17:28:53.061768,0:00:09.592383
77,77,19.2848951667,-99.1406005,0.145751953125,0.05322265625,0.864990234375,2021-02-04 17:28:53.109095,0:00:09.639708
78,78,19.2848951667,-99.1406005,0.125732421875,0.02099609375,0.873046875,2021-02-04 17:28:53.127227,0:00:09.657839
79,79,19.2848951667,-99.1406005,0.13427734375,0.085205078125,0.889892578125,2021-02-04 17:28:53.142320,0:00:09.672932
80,80,19.2848951667,-99.1406005,0.126708984375,0.094482421875,0.90869140625,2021-02-04 17:28:53.157358,0:00:09.687972
81,81,19.2848951667,-99.1406005,0.17138671875,0.115966796875,0.9267578125,2021-02-04 17:28:53.169145,0:00:09.699757
82,82,19.2848491667,-99.1406113333,0.130859375,0.101318359375,0.92919921875,2021-02-04 17:28:53.186235,0:00:09.716848
83,83,19.2848491667,-99.1406113333,0.09716796875,0.05615234375,0.940185546875,2021-02-04 17:28:53.198294,0:00:09.728906
84,84,19.2848491667,-99.1406113333,0.11328125,0.0791015625,0.908447265625,2021-02-04 17:28:53.251677,0:00:09.782289
85,85,19.2848491667,-99.1406113333,0.13720703125,0.085693359375,0.920166015625,2021-02-04 17:28:53.284486,0:00:09.815098
86,86,19.2848491667,-99.1406113333,0.08447265625,0.083984375,0.95654296875,2021-02-04 17:28:53.311433,0:00:09.842045
87,87,19.2848491667,-99.1406113333,0.048828125,0.109130859375,0.928955078125,2021-02-04 17:28:53.325208,0:00:09.855821
88,88,19.2848491667,-99.1406113333,0.078369140625,0.06591796875,0.822998046875,2021-02-04 17:28:53.338983,0:00:09.869597
89,89,19.2848491667,-99.1406113333,0.0986328125,0.072021484375,0.93017578125,2021-02-04 17:28:53.351025,0:00:09.881638
90,90,19.2848491667,-99.1406113333,0.11328125,0.05126953125,0.86328125,2021-02-04 17:28:53.362761,0:00:09.893374
91,91,19.284802,-99.1406216667,0.08544921875,0.110595703125,0.9072265625,2021-02-04 17:28:53.758798,0:00:10.289410
92,92,19.284802,-99.1406216667,0.16748046875,0.107666015625,0.80224609375,2021-02-04 17:28:53.800002,0:00:10.330615
93,93,19.284802,-99.1406216667,0.12841796875,0.09228515625,0.84326171875,2021-02-04 17:28:53.882818,0:00:10.413430
94,94,19.284802,-99.1406216667,0.05029296875,0.027099609375,0.910400390625,2021-02-04 17:28:53.941642,0:00:10.472255
95,95,19.284802,-99.1406216667,0.12841796875,0.081298828125,0.867431640625,2021-02-04 17:28:54.016136,0:00:10.546750
96,96,19.284802,-99.1406216667,0.11474609375,0.086669921875,0.903564453125,2021-02-04 17:28:54.090809,0:00:10.621422
97,97,19.284802,-99.1406216667,0.08740234375,0.07763671875,0.899658203125,2021-02-04 17:28:54.174774,0:00:10.705437
98,98,19.284802,-99.1406216667,0.14453125,0.018798828125,0.87841796875,2021-02-04 17:28:54.216077,0:00:10.746690
99,99,19.284802,-99.1406216667,0.1259765625,0.107177734375,0.884033203125,2021-02-04 17:28:54.272080,0:00:10.802694
100,100,19.2847523333,-99.1406298333,0.13671875,0.108154296875,0.9365234375,2021-02-04 17:28:54.760949,0:00:11.291562
101,101,19.2847523333,-99.1406298333,0.077392578125,0.092529296875,0.9296875,2021-02-04 17:28:56.501738,0:00:13.032351
102,102,19.2847523333,-99.1406298333,0.04443359375,0.119384765625,0.922607421875,2021-02-04 17:28:56.528843,0:00:13.059456
103,103,19.2847523333,-99.1406298333,0.022216796875,0.179443359375,0.9130859375,2021-02-04 17:28:56.556017,0:00:13.086636
104,104,19.2847523333,-99.1406298333,0.001953125,0.11083984375,1.01245117188,2021-02-04 17:28:56.579106,0:00:13.109719
105,105,19.2847523333,-99.1406298333,-0.033447265625,0.0625,0.98486328125,2021-02-04 17:28:56.619899,0:00:13.150512
106,106,19.2847523333,-99.1406298333,0.007080078125,0.098876953125,1.0146484375,2021-02-04 17:28:56.635814,0:00:13.166427
107,107,19.2847523333,-99.1406298333,0.043701171875,0.12841796875,1.00854492188,2021-02-04 17:28:56.652202,0:00:13.182815
108,108,19.2847523333,-99.1406298333,0.08544921875,0.124755859375,1.00610351562,2021-02-04 17:28:56.668776,0:00:13.199395
109,109,19.2847008333,-99.140639,0.110107421875,0.140380859375,0.916748046875,2021-02-04 17:28:56.715427,0:00:13.246039
110,110,19.2847008333,-99.140639,0.12353515625,0.147705078125,0.819580078125,2021-02-04 17:28:56.726196,0:00:13.256809
111,111,19.2847008333,-99.140639,0.111572265625,0.19580078125,0.87646484375,2021-02-04 17:28:56.758284,0:00:13.288909
112,112,19.2847008333,-99.140639,0.155517578125,0.19921875,0.839111328125,2021-02-04 17:28:56.771363,0:00:13.301976
113,113,19.2847008333,-99.140639,0.23486328125,0.180419921875,0.80078125,2021-02-04 17:28:56.797044,0:00:13.327656
114,114,19.2847008333,-99.140639,0.226806640625,0.232177734375,0.815185546875,2021-02-04 17:28:56.852473,0:00:13.383085
115,115,19.2847008333,-99.140639,0.2314453125,0.18798828125,0.83447265625,2021-02-04 17:28:56.873767,0:00:13.404380
116,116,19.2847008333,-99.140639,0.206298828125,0.217041015625,0.853271484375,2021-02-04 17:28:56.886167,0:00:13.416780
117,117,19.2847008333,-99.140639,0.154296875,0.14501953125,0.86328125,2021-02-04 17:28:56.898059,0:00:13.428671
118,118,19.2846511667,-99.1406435,0.093994140625,0.156494140625,0.90380859375,2021-02-04 17:28:56.945432,0:00:13.476046
119,119,19.2846511667,-99.1406435,0.10546875,0.1708984375,0.896240234375,2021-02-04 17:28:56.997154,0:00:13.527768
120,120,19.2846511667,-99.1406435,0.1328125,0.09033203125,0.90771484375,2021-02-04 17:28:57.022932,0:00:13.553545
121,121,19.2846511667,-99.1406435,0.105224609375,0.097900390625,0.920654296875,2021-02-04 17:28:57.068094,0:00:13.598707
122,122,19.2846511667,-99.1406435,0.088134765625,0.100341796875,0.89404296875,2021-02-04 17:28:57.081620,0:00:13.612232
123,123,19.2846511667,-99.1406435,-0.002197265625,0.11181640625,0.9755859375,2021-02-04 17:28:57.114974,0:00:13.645587
124,124,19.2846511667,-99.1406435,0.06494140625,0.070068359375,0.902587890625,2021-02-04 17:28:57.154470,0:00:13.685083
125,125,19.2846511667,-99.1406435,0.13818359375,0.139404296875,0.824462890625,2021-02-04 17:28:57.212656,0:00:13.743270
126,126,19.2846511667,-99.1406435,0.076416015625,0.053955078125,0.947509765625,2021-02-04 17:28:58.729016,0:00:15.259629
127,127,19.2846123333,-99.1406356667,0.081298828125,0.0498046875,0.87353515625,2021-02-04 17:28:58.759486,0:00:15.290101
128,128,19.2846123333,-99.1406356667,0.11083984375,0.100341796875,0.930419921875,2021-02-04 17:28:58.772818,0:00:15.303432
129,129,19.2846123333,-99.1406356667,0.10888671875,0.090087890625,0.9619140625,2021-02-04 17:28:58.789360,0:00:15.319974
130,130,19.2846123333,-99.1406356667,0.145751953125,0.107177734375,0.944091796875,2021-02-04 17:28:58.815492,0:00:15.346107
131,131,19.2846123333,-99.1406356667,0.183349609375,0.045654296875,0.8388671875,2021-02-04 17:28:58.834415,0:00:15.365028
132,132,19.2846123333,-99.1406356667,0.14990234375,0.116455078125,0.952880859375,2021-02-04 17:28:58.880689,0:00:15.411306
133,133,19.2846123333,-99.1406356667,0.133056640625,0.107177734375,0.921142578125,2021-02-04 17:28:58.919027,0:00:15.449641
134,134,19.2846123333,-99.1406356667,0.141357421875,0.126953125,0.960693359375,2021-02-04 17:28:58.933250,0:00:15.463866
135,135,19.2846123333,-99.1406356667,0.193603515625,0.10498046875,0.93310546875,2021-02-04 17:28:58.947184,0:00:15.477797
136,136,19.284563,-99.1406298333,0.238037109375,0.09326171875,0.913818359375,2021-02-04 17:28:58.962589,0:00:15.493202
137,137,19.284563,-99.1406298333,0.228271484375,0.107666015625,0.953125,2021-02-04 17:28:58.985348,0:00:15.515961
138,138,19.284563,-99.1406298333,0.169921875,0.085693359375,0.9326171875,2021-02-04 17:28:59.000643,0:00:15.531258
139,139,19.284563,-99.1406298333,0.091796875,0.078125,0.868408203125,2021-02-04 17:28:59.014669,0:00:15.545282
140,140,19.284563,-99.1406298333,0.117431640625,0.10888671875,0.87890625,2021-02-04 17:28:59.030529,0:00:15.561143
141,141,19.284563,-99.1406298333,0.03515625,0.106201171875,0.864501953125,2021-02-04 17:28:59.080022,0:00:15.610638
142,142,19.284563,-99.1406298333,0.0439453125,0.09521484375,0.911865234375,2021-02-04 17:28:59.154739,0:00:15.685354
143,143,19.284563,-99.1406298333,0.06494140625,0.03125,0.880126953125,2021-02-04 17:28:59.213019,0:00:15.743639
144,144,19.284563,-99.1406298333,0.0986328125,0.103759765625,0.92236328125,2021-02-04 17:28:59.266763,0:00:15.797378
145,145,19.2845115,-99.1406305,0.145751953125,0.142333984375,0.92041015625,2021-02-04 17:28:59.754717,0:00:16.285330
146,146,19.2845115,-99.1406305,0.1240234375,0.1435546875,0.984619140625,2021-02-04 17:28:59.795805,0:00:16.326418
147,147,19.2845115,-99.1406305,0.12451171875,0.1142578125,0.972412109375,2021-02-04 17:28:59.878636,0:00:16.409250
148,148,19.2845115,-99.1406305,0.16455078125,0.1396484375,0.921630859375,2021-02-04 17:28:59.937067,0:00:16.467680
149,149,19.2845115,-99.1406305,0.08203125,0.08349609375,0.8955078125,2021-02-04 17:29:00.004010,0:00:16.534623
150,150,19.2845115,-99.1406305,0.126953125,0.13232421875,0.86083984375,2021-02-04 17:29:00.078685,0:00:16.609298
151,151,19.2845115,-99.1406305,-0.045166015625,0.0302734375,0.9052734375,2021-02-04 17:29:02.090672,0:00:18.621287
152,152,19.2845115,-99.1406305,0.036376953125,-0.113037109375,1.00903320312,2021-02-04 17:29:02.103158,0:00:18.633771
153,153,19.2845115,-99.1406305,0.101806640625,-0.14111328125,0.9833984375,2021-02-04 17:29:02.117242,0:00:18.647857
154,154,19.2844696667,-99.1406268333,0.0888671875,0.0400390625,1.02734375,2021-02-04 17:29:02.132696,0:00:18.663310
155,155,19.2844696667,-99.1406268333,0.115478515625,-0.044921875,1.04956054688,2021-02-04 17:29:02.143965,0:00:18.674578
156,156,19.2844696667,-99.1406268333,0.137451171875,-0.05126953125,1.05786132812,2021-02-04 17:29:02.159163,0:00:18.689776
157,157,19.2844696667,-99.1406268333,0.177001953125,0.054931640625,0.9873046875,2021-02-04 17:29:02.172023,0:00:18.702637
158,158,19.2844696667,-99.1406268333,0.20458984375,-0.0439453125,1.02734375,2021-02-04 17:29:02.197361,0:00:18.727976
159,159,19.2844696667,-99.1406268333,0.1796875,0.0986328125,0.93896484375,2021-02-04 17:29:02.228176,0:00:18.758788
160,160,19.2844696667,-99.1406268333,0.272705078125,-0.005615234375,0.790283203125,2021-02-04 17:29:02.252907,0:00:18.783521
161,161,19.2844696667,-99.1406268333,0.23486328125,0.10400390625,0.843994140625,2021-02-04 17:29:02.266659,0:00:18.797273
162,162,19.2844696667,-99.1406268333,0.21923828125,0.18017578125,0.843505859375,2021-02-04 17:29:02.297230,0:00:18.827844
163,163,19.2844283333,-99.1406308333,0.25537109375,0.283935546875,0.841064453125,2021-02-04 17:29:02.331317,0:00:18.861930
164,164,19.2844283333,-99.1406308333,0.25634765625,0.289306640625,0.803955078125,2021-02-04 17:29:02.351709,0:00:18.882322
165,165,19.2844283333,-99.1406308333,0.22900390625,0.21630859375,0.80224609375,2021-02-04 17:29:02.365838,0:00:18.896452
166,166,19.2844283333,-99.1406308333,0.187255859375,0.308837890625,0.82275390625,2021-02-04 17:29:02.394754,0:00:18.925430
167,167,19.2844283333,-99.1406308333,0.18603515625,0.35546875,0.77197265625,2021-02-04 17:29:02.408924,0:00:18.939537
168,168,19.2844283333,-99.1406308333,0.116943359375,0.368896484375,0.860595703125,2021-02-04 17:29:02.428687,0:00:18.959299
169,169,19.2844283333,-99.1406308333,0.279052734375,0.38037109375,0.867431640625,2021-02-04 17:29:02.480249,0:00:19.010864
170,170,19.2844283333,-99.1406308333,0.299560546875,0.43896484375,0.860595703125,2021-02-04 17:29:02.499500,0:00:19.030115
171,171,19.2844283333,-99.1406308333,0.064208984375,0.361328125,0.879638671875,2021-02-04 17:29:02.581305,0:00:19.111919
172,172,19.284382,-99.1406368333,0.015380859375,0.09765625,0.90283203125,2021-02-04 17:29:02.759349,0:00:19.289962
173,173,19.284382,-99.1406368333,0.03369140625,0.150634765625,0.862548828125,2021-02-04 17:29:02.810257,0:00:19.340871
174,174,19.284382,-99.1406368333,0.09765625,0.041015625,0.862060546875,2021-02-04 17:29:02.875759,0:00:19.406374
175,175,19.284382,-99.1406368333,0.188232421875,0.08935546875,0.828857421875,2021-02-04 17:29:02.942129,0:00:19.472745
176,176,19.284382,-99.1406368333,0.19970703125,0.072265625,0.893310546875,2021-02-04 17:29:04.253343,0:00:20.783956
177,177,19.284382,-99.1406368333,0.205810546875,0.0830078125,0.945068359375,2021-02-04 17:29:04.273372,0:00:20.803985
178,178,19.284382,-99.1406368333,0.16455078125,0.108154296875,0.92333984375,2021-02-04 17:29:04.309683,0:00:20.840298
179,179,19.284382,-99.1406368333,0.175048828125,0.107666015625,0.978271484375,2021-02-04 17:29:04.324487,0:00:20.855104
180,180,19.284382,-99.1406368333,0.1640625,0.118408203125,0.95654296875,2021-02-04 17:29:04.342349,0:00:20.872962
181,181,19.2843386667,-99.1406411667,0.151123046875,0.11767578125,0.929443359375,2021-02-04 17:29:04.359951,0:00:20.890566
182,182,19.2843386667,-99.1406411667,0.111328125,0.1044921875,0.892822265625,2021-02-04 17:29:04.395066,0:00:20.925679
183,183,19.2843386667,-99.1406411667,0.09716796875,0.1259765625,0.86865234375,2021-02-04 17:29:04.413777,0:00:20.944389
184,184,19.2843386667,-99.1406411667,0.10693359375,0.091064453125,0.880615234375,2021-02-04 17:29:04.445129,0:00:20.975743
185,185,19.2843386667,-99.1406411667,0.1611328125,0.126708984375,0.95361328125,2021-02-04 17:29:04.494435,0:00:21.025048
186,186,19.2843386667,-99.1406411667,0.1376953125,0.121826171875,0.943115234375,2021-02-04 17:29:04.515591,0:00:21.046203
187,187,19.2843386667,-99.1406411667,0.1103515625,0.110107421875,0.938232421875,2021-02-04 17:29:04.536411,0:00:21.067024
188,188,19.2843386667,-99.1406411667,0.107666015625,0.099609375,0.891357421875,2021-02-04 17:29:04.549787,0:00:21.080401
189,189,19.2843386667,-99.1406411667,0.073974609375,0.10107421875,0.90380859375,2021-02-04 17:29:04.577530,0:00:21.108142
190,190,19.284285,-99.1406428333,0.116455078125,0.089111328125,0.9501953125,2021-02-04 17:29:04.759659,0:00:21.290272
191,191,19.284285,-99.1406428333,0.107666015625,0.13330078125,0.9853515625,2021-02-04 17:29:04.800855,0:00:21.331468
192,192,19.284285,-99.1406428333,0.151611328125,0.165771484375,0.934814453125,2021-02-04 17:29:04.876070,0:00:21.406683
193,193,19.284285,-99.1406428333,0.176025390625,0.062255859375,0.87353515625,2021-02-04 17:29:04.942431,0:00:21.473044
194,194,19.284285,-99.1406428333,0.14013671875,0.096435546875,0.837890625,2021-02-04 17:29:05.016941,0:00:21.547555
195,195,19.284285,-99.1406428333,0.118896484375,0.137451171875,0.9609375,2021-02-04 17:29:05.084239,0:00:21.614854
196,196,19.284285,-99.1406428333,0.151123046875,0.129150390625,0.930908203125,2021-02-04 17:29:05.158723,0:00:21.689336
197,197,19.284285,-99.1406428333,0.109375,0.120849609375,0.905517578125,2021-02-04 17:29:05.216841,0:00:21.747455
198,198,19.284285,-99.1406428333,0.167236328125,0.110107421875,0.886962890625,2021-02-04 17:29:05.306214,0:00:21.836827
199,199,19.2842406667,-99.1406503333,0.12353515625,0.150634765625,0.949462890625,2021-02-04 17:29:05.759833,0:00:22.290446
200,200,19.2842406667,-99.1406503333,0.10009765625,0.102783203125,0.973388671875,2021-02-04 17:29:05.820500,0:00:22.351115
201,201,19.2842406667,-99.1406503333,0.120361328125,0.2392578125,0.888916015625,2021-02-04 17:29:07.589614,0:00:24.120227
202,202,19.2842406667,-99.1406503333,0.149658203125,0.20751953125,0.89501953125,2021-02-04 17:29:07.605118,0:00:24.135732
203,203,19.2842406667,-99.1406503333,0.138427734375,0.199462890625,0.864990234375,2021-02-04 17:29:07.626677,0:00:24.157292
204,204,19.2842406667,-99.1406503333,0.141845703125,0.254638671875,0.896484375,2021-02-04 17:29:07.640954,0:00:24.171578
205,205,19.2842406667,-99.1406503333,0.16015625,0.25,0.8916015625,2021-02-04 17:29:07.655573,0:00:24.186186
206,206,19.2842406667,-99.1406503333,0.17626953125,0.222900390625,0.852783203125,2021-02-04 17:29:07.668316,0:00:24.198929
207,207,19.2842406667,-99.1406503333,0.119873046875,0.26611328125,0.921142578125,2021-02-04 17:29:07.680077,0:00:24.210690
208,208,19.2842005,-99.1406573333,0.116943359375,0.294189453125,0.926025390625,2021-02-04 17:29:07.715208,0:00:24.245821
209,209,19.2842005,-99.1406573333,0.142333984375,0.255615234375,0.863037109375,2021-02-04 17:29:07.729487,0:00:24.260101
210,210,19.2842005,-99.1406573333,0.133544921875,0.279052734375,0.87451171875,2021-02-04 17:29:07.744674,0:00:24.275287
211,211,19.2842005,-99.1406573333,0.138916015625,0.281494140625,0.884033203125,2021-02-04 17:29:07.758309,0:00:24.288922
212,212,19.2842005,-99.1406573333,0.1220703125,0.29345703125,0.856689453125,2021-02-04 17:29:07.772025,0:00:24.302639
213,213,19.2842005,-99.1406573333,0.141357421875,0.324462890625,0.874267578125,2021-02-04 17:29:07.785725,0:00:24.316339
214,214,19.2842005,-99.1406573333,0.13916015625,0.329345703125,0.876953125,2021-02-04 17:29:07.809091,0:00:24.339709
215,215,19.2842005,-99.1406573333,0.131103515625,0.34814453125,0.90478515625,2021-02-04 17:29:07.825055,0:00:24.355668
216,216,19.2842005,-99.1406573333,0.139404296875,0.317138671875,0.8486328125,2021-02-04 17:29:07.838828,0:00:24.369441
217,217,19.2841613333,-99.1406633333,0.13232421875,0.339111328125,0.896484375,2021-02-04 17:29:07.866454,0:00:24.397068
218,218,19.2841613333,-99.1406633333,0.14990234375,0.309326171875,0.8466796875,2021-02-04 17:29:07.879352,0:00:24.409967
219,219,19.2841613333,-99.1406633333,0.08642578125,0.31103515625,0.870849609375,2021-02-04 17:29:07.897121,0:00:24.427735
220,220,19.2841613333,-99.1406633333,0.1171875,0.320556640625,0.908447265625,2021-02-04 17:29:07.945366,0:00:24.475980
221,221,19.2841613333,-99.1406633333,0.147705078125,0.294921875,0.900634765625,2021-02-04 17:29:08.019279,0:00:24.549894
222,222,19.2841613333,-99.1406633333,0.16943359375,0.296875,0.857666015625,2021-02-04 17:29:08.086463,0:00:24.617077
223,223,19.2841613333,-99.1406633333,0.156494140625,0.322265625,0.845458984375,2021-02-04 17:29:08.161107,0:00:24.691722
224,224,19.2841613333,-99.1406633333,0.127197265625,0.338134765625,0.856201171875,2021-02-04 17:29:08.219276,0:00:24.749890
225,225,19.2841613333,-99.1406633333,0.14501953125,0.302978515625,0.859375,2021-02-04 17:29:08.273107,0:00:24.803720
